{
  "backend": "ibm_fez",
  "used_real_backend": true,
  "shots_per_circuit": 2048,
  "layout": {
    "qubit_0": 4,
    "qubit_1": 5
  },
  "reference_phases": {
    "phi_1": 0.0,
    "delta_phi": 1.0
  },
  "bases": [
    "ZZ",
    "ZX",
    "ZY",
    "XZ",
    "XX",
    "XY",
    "YZ",
    "YX",
    "YY"
  ],
  "gravitationally_induced_state_fidelity": 0.9782717450081456,
  "joint_bases_expectation_values": {
    "XX": 0.0043686855133472854,
    "XY": 0.39805403711509274,
    "XZ": 0.24002177372569783,
    "YX": 0.39780632477294137,
    "YY": 0.19895871086973543,
    "YZ": -0.4102239535224363,
    "ZX": 0.21279101534689246,
    "ZY": -0.42349378416142375,
    "ZZ": 0.7343629147967643
  },
  "reference_detector_probabilities": {
    "p0": 0.8744398308647229,
    "p1": 0.12556016913527712
  },
  "reference_entanglement": 0.21968599616901924,
  "phase_values": {
    "phi_1_fixed": 0.0,
    "delta_phi_values": [
      0.0,
      0.4487989505128276,
      0.8975979010256552,
      1.3463968515384828,
      1.7951958020513104,
      2.243994752564138,
      2.6927937030769655,
      3.141592653589793,
      3.5903916041026207,
      4.039190554615448,
      4.487989505128276,
      4.9367884556411035,
      5.385587406153931,
      5.834386356666759,
      6.283185307179586
    ],
    "p0_values": [
      0.9977001176963753,
      0.9589798371061765,
      0.888261244572667,
      0.7835343662027691,
      0.6856590457482763,
      0.5985049451563939,
      0.5298591803300604,
      0.5052526340683929,
      0.5153449083524738,
      0.590082760188816,
      0.7029037391666374,
      0.7937443330625678,
      0.8860142986364576,
      0.9604346773012423,
      0.9970043747085656
    ],
    "p1_values": [
      0.0022998823036246207,
      0.04102016289382343,
      0.11173875542733316,
      0.21646563379723105,
      0.3143409542517237,
      0.40149505484360615,
      0.4701408196699396,
      0.49474736593160706,
      0.4846550916475263,
      0.4099172398111839,
      0.2970962608333626,
      0.20625566693743236,
      0.11398570136354247,
      0.03956532269875751,
      0.002995625291434471
    ],
    "entanglement_strength_values": [
      0.0008369260696777997,
      0.10406670494298402,
      0.20989963528745892,
      0.29471322412349454,
      0.36510176467336114,
      0.4193564403331313,
      0.4508770663532019,
      0.456849262032179,
      0.4539794560480134,
      0.41155514074065114,
      0.35884592253494696,
      0.2973609096414791,
      0.20456048429820192,
      0.09410677469837299,
      0.005127789896863294
    ]
  }
}